序号,地区分类,开始日期,结束日期,标题,里程英里,里程公里,里程来源,飞行次数,独自旅行,地图URL,概要
1,中国游,2003.08.05,2003.08.06,北戴河,,,,,0,,正在填写……
2,中国游,2004夏,,东北,,,,,0,,正在填写……
3,中国游,2007.04.23,2007.04.27,上海毕业旅行,,,,,0,,正在填写……
4,中国游,2010.06.28,2010.07.03,上海世博会,,,,1,0,,正在填写……
5,中国游,2010.08.14,2010.08.15,河北野三坡,,,,,0,,正在填写……
6,中国游,2010.08.21,2010.08.22,承德避暑山庄,,,,,0,,正在填写……
7,中国游,2011.07.09,2011.07.15,山东青岛,,,,,0,,正在填写……
8,世界,2011.07.22,2011.07.27,日本茨城-东京,,,,1,0,,正在填写……
9,中国游,2011.10.01,,天津,,,,,0,,正在填写……
10,中国游,2012.02.01,2012.02.07,香港,,,,1,0,,正在填写……
11,中国游,2012.08.14,2012.08.16,四川九寨沟-黄龙,,,,2,0,,正在填写……
12,世界,2013.07.15,2013.07.22,日本关西,,,,2,0,,正在填写……
13,中国游,2014.01.20,2014.01.25,陕西西安,,,,,0,,正在填写……
14,中国游,2014.05.23,2014.05.26,江西,,,,,0,,正在填写……
15,世界,2014.06.19,2014.06.26,意大利-瑞士-法国,,,,1,0,,正在填写……
16,世界,2014.07.18,2014.07.28,法国,,,,2,0,,正在填写……
17,北美非自驾,2014.09.22,,尼亚加拉瀑布,,,,,0,,正在填写……
18,北美非自驾,2014.12.19,2014.12.21,康奈尔大学,,,,,0,,正在填写……
19,北美非自驾,2015.02.21,,尼亚加拉瀑布,,,,,0,,正在填写……
20,北美非自驾,2015.04.29,2015.05.08,美国西部八州,,,,1,0,,正在填写……
21,北美非自驾,2015.08.22,2015.08.28,加拿大东部五省,,,,,0,,正在填写……
22,北美非自驾,2016.05.07,,渥太华,,,,,0,,正在填写……
23,中国游,2016.06.04,,河北白洋淀,,,,,0,,正在填写……
24,中国游,2016.06.17,2016.06.19,山东曲阜-临沂-枣庄,,,,,0,,正在填写……
25,中国游,2016.07.14,2016.07.22,安徽-江西-江苏南京,,,,,0,,正在填写……
26,世界,2016.12.23,2016.12.28,墨西哥坎昆,,1029,MyMaps,1,1,1l2qzCwRM9D8sVArtVxWeZSVECF0GFh0,正在填写……
27,北美非自驾,2017.06.04,2017.06.10,金士顿-温哥华-班夫,,,,1,0,,加拿大的毕业之旅，本来定了去美国波士顿等地旅游，但谁料想到我妈的美国签证上印的中国护照号竟然有一位写错了。更有意思的是这张签证之前都用过一次了竟没人发现。这次被发现是因为EVUS上线了，系统过不去，航司柜台直接不给check in！
28,中国游,2017.07.02,2017.07.07,湖南,,,,,0,,似乎是一次平平无奇的湖南之行。插曲是出发前不久我妈摔倒走路不便，但是携程并不能给退，于是带病旅游……
29,世界,2017.07.24,2017.08.02,日本本州-九州,,,,2,0,,第三次访问日本，几乎兑现了之前所有的遗憾。从上次来东京时还未建好的晴空塔，到秒速五厘米的铁道口，柯南里的警视厅，还有上次来姬路时大修而未能进入的姬路城，来到日本最南端的电车站，见到了当年的网红熊本熊。当然最最最惊喜的是在长崎的晚上，稻佐山顶，在完全不知情的情况下看了一场花火大会。青春期即将结束时候的莫名感动涌上心头，想到《打ち上げ花火》，想到《夏祭り》、君がいた夏は、遠い夢の中。空に消えてった、打ち上げ花火。
30,北美非自驾,2017.10.08,2017.10.09,纽约尼亚加拉瀑布,,,,,0,,在学校待腻了，趁同学要去隔壁城市考什么试，搭便车去了趟尼亚加拉瀑布。体验最深的其实是出门前喝了几口常温下放了一周多的Arizona凉茶，然后开始犯恶心…催吐了之后才好……
31,北美非自驾,2017.12.19,2017.12.26,马萨诸塞-罗德岛-纽约,,,,,0,,在美国的第一个圣诞节，去了波士顿见一见女同学；去罗德岛纯为了去一个没去过的州；最后在纽约和高中同学见上了面，还被黑哥哥骗签名骗了五刀给了张光盘……
32,北美非自驾,2018.03.31,2018.04.04,波多黎各,,,,1,0,,毕业之前春假玩几天。这次可能创下了之后再也没能打破的酒精度记录：和基友俩人在酒店喝了一瓶龙舌兰。然后什么刺激的事情都没有发生，就纯看Netflix没有chill，但是酒精的影响就是感觉异常开心……另外El Yunque也是25美分上面的公园，不过有点拉，啥也没看到。
33,美国其他,2018.05.23,2018.05.24,纽约伊萨卡-西弗吉尼亚,,1381,Timeline,,1,1FW8QonWwXQGgBGaLVquM-IACXawfNFU,在美国有了驾照，第一次单人自驾！定的都是25美分公园的目的地！
34,北美非自驾,2018.05.28,2018.06.01,纽约-宾夕法尼亚-华盛顿特区,,,,,0,,和父母参团游览了一圈东海岸，当做毕业旅行咯。
35,加州小型游,2018.10.13,2018.10.14,优胜美地,,956,Timeline,,0,1rzM6y5GZXJ-P9F6JvbLcKi-ILiO7zT0,来到湾区，第一次开着小白带着朋友们游优胜美地。
36,落地丹佛,2018.11.10,2018.11.12,科罗拉多-新墨西哥,,2163,Timeline,1,1,1t4_iaRt6LTH8MaRvyfWxbLg4SjZpa-U,来到湾区几个月，太寂寞了。突发奇想一个人飞到丹佛。主题是国家公园+世界遗产+25美分+绝命毒师。最后人生第一次体验了一把冰上漂移，给我吓得不轻。
37,美国其他,2019.02.09,2019.02.10,拉斯维加斯,,,,2,0,,专程飞到拉斯维加斯看周杰伦演唱会，第一次来拉斯维加斯！
38,西海岸,2019.05.25,2019.05.27,内华达大盆地,,2067,Timeline,,0,1GnWwtg4AwIvZRqMSApw76YFBBBREQpQ,Memorial Day和朋友穿越内华达最寂寞的公路，就去了个大盆地看洞穴。
39,中国游,2019.07.25,2019.07.30,上海,,,,3,0,,第一次回国没回家，去上海看小姐姐去了^_^
40,北美非自驾,2019.08.30,2019.09.02,西雅图,,,,,0,,我和H在Labor Day乘坐海岸星光号美铁，第一次来到了西雅图。谁能想到几年以后会住在这里呢！
41,美国其他,2019.09.21,2019.09.24,佐治亚州Cumberland Island,,832,Timeline,1,1,1OXm6YYbrbRnR8zVYLv9r2icy3MmqiJ8,我和K名义上的出差，实际去了奥兰多环球影城游玩。另外为了去佐治亚州的25美分公园，还安排了个短途自驾……（很遗憾本次旅行评为相当糟糕的旅行体验）
42,北美非自驾,2019.10.12,2019.10.13,洛杉矶,,,,2,0,,我和K组CP之后怎么也得出来玩玩吧，去了迪士尼。
43,美国其他,2019.11.09,2019.11.11,得克萨斯奥斯汀-圣安东尼奥-休斯顿-达拉斯,,1428,Timeline,1,0,1LO0PLeejTVtGN6WTGDAv9yRh64xauuY,在老兵节和[redacted]一起自驾了个得州大三角。
44,西海岸,2019.11.27,2019.12.01,俄勒冈波特兰,,2501,Timeline,,0,1auUtdOSrWBiNGUqpCq40W-rVxJeV5j0,第一次开我的小白出大远门呢，也是和K的第一次长途自驾。
45,世界,2019.12.22,2020.01.01,法-德-奥-斯洛伐克-匈-捷克,,2906,Timeline,2,0,1Vk4pZK0GRL1xzQJby-HD05PSYcP7JgE,圣诞节和新年和[redacted]去欧洲旅行。安排这次旅行的时候还没组CP……很遗憾的是旅程以朋友遗失相机结束，之后让我自责了一个月。幸好最终失而复得。
46,美国其他,2020.01.18,2020.01.21,佛罗里达迈阿密-KeyWest,,831,Timeline,1,1,1QpUfe8xZJfOSTYVWCCqapeN438zPFhs,父母来美拜访，选择来一次佛罗里达自驾。这也是疫情之前最后一次出行了。
47,西海岸,2020.08.14,2020.08.16,火山口湖-拉森火山,,1585,Timeline,,0,1Wzf4IT_HYwsKKT3yOebFk1txnzLmW6Q,疫情憋了半年，开始报复性出游。可能憋到我甚至觉得如果周末不出个远门就有愧于这个休息日的地步。
48,加州小型游,2020.08.28,2020.08.29,美洲杉国家公园,,889,Timeline,,1,1y-JHbs9A5ujAKQhIFRVVBZzmTiIkWsA,我已经不记得为什么刚两周就又想出去，当时也还没开始国家公园的盖章行动，可能单纯想打卡国家公园吧，也可能我单纯想开车出去吧。这几天还赶上K不舒服。之后K对这样没有活动只有开车的旅行深恶痛疾，我深刻反思。
49,西海岸,2020.09.04,2020.09.07,死亡谷-拉斯维加斯-约书亚树,,2326,Timeline + MyMaps,,0,1XO5RLTcMuXV9DbFSr5-pWK5pwKMkBtk,不到一个月出门了三次，但劳工节放假不出来还是亏啊。不过这次还是有些活动的，最大的体验是在约书亚树住了一晚glamping。
50,加州小型游,2020.10.09,2020.10.10,加利福尼亚Bishop,,1088,Timeline,,1,1SfEhV9T5y4_sWOrasY_tQnCyDIRj5mo&ehbc=2E312F,虽然是才过一个月又出游了，但这次有理由：我想拍苹果同款壁纸，而秋天落叶季节只有这一周能去。K又勉为其难地来了。
51,亚利桑那合集,2020.11.06,2020.11.15,亚利桑那菲尼克斯-塞多纳-Flagstaff,,4333,Timeline,,0,1_C7U5cuLojGgqJ2WG3CBOoiK9lXH2Vo,之前多次的糟糕旅游后，还是想出远门。这次出门的理由是老兵节放假。区别是让K选了塞多纳为目的地。然后我再加了点我的小众目的地（国家公园、汽车总动员的帐篷旅馆、跑调的音乐公路）。本次旅行还体验到了人生第一次被警察pull over：在去Organ Pipe的路上一个叫Ajo的小镇（确实挺あほ的），限速25我开到30出个头被抓。警察倒是看我副驾上有个相机和旺旺雪饼挺好奇，就直接放我走了……
52,加州小型游,2021.02.14,2021.02.15,加利福尼亚蒙特雷,,491,Timeline,,0,1ucrSOWUZLtxLoxiu-xt3ZFSzoES0Oxg,情人节到了，订一间蒙特雷浪漫的酒店，吃一顿浪漫的晚餐。然后第二天又是糟糕的国家公园行程。
53,加州小型游,2021.02.19,2021.02.21,加利福尼亚LonePine,,1526,Timeline,,1,1SKU4ts4CZjTMWAIxJQm83CEUFSUCsPo,租一辆Campervan去了内华达山脉的东边，又是去拍苹果同款壁纸!
54,落地丹佛,2021.05.14,2021.05.17,怀俄明-南达科他-内布拉斯加,,2076,Timeline,1,1,17qCNWdCoXtsByPWmaUU0B9CTalSntUg,我意识到了，之前和K的出行我很多次只顾自己的兴趣了。两人出行不应该不考虑对方感受。于是这次我自己一个人出去自驾了！LOL！然后体验了人生第二次被警察pull over。我承认我70的地方开了87难逃其咎，不过又被警告放过了！我分析是因为没有安全的停车点所以赶紧让我走了……
55,美国其他,2021.05.29,2021.06.05,犹他-内华达拉斯维加斯,,2473,Timeline,1,0,1SEfw-w_UXrEyxDGs57bIXc47GIaxqho,Memorial Day又和K出来自驾了，这次跟去年11月的亚利桑那之旅类似，她选她的目的地，我选我的。所以这次先是国家公园行程，然后是拉斯维加斯的…螃蟹自助餐（巨难吃）。也是这次旅行开启了我疯狂的盖章行动。
57.1,西海岸,2021.07.04,2021.07.04,旧金山湾区一日七章特别篇,,281,Timeline,,1,1vps_AabvO-YU_LJUiunuhd5nXaQAHrs,这不算一次旅游，但是由于成就过于耀眼，一天去了七个地方盖章，故单列一节。
56,西海岸,2021.08.06,2021.08.08,LavaBeds-火山口湖-Redwood,,1712,Timeline,,0,1lrJlunPVWMdGDxUMMEx5AeNaotBoZgk,我觉得这是盖章上了头而强行搞出来的一次出行…
57,加州小型游,2021.09.11,2021.09.12,优胜美地,,984,Timeline,,0,1RcdyD6tunDXhoULrN0FuEYyxXHOeCyw,K离开美国之前最后一次自驾。
58,西海岸,2021.10.15,2021.10.17,加利福尼亚内华达山脉,,1689,Timeline + MyMaps,,1,1KqRFswZ8uSlKDN-9dGnRmW1tbh974nE,K开启了加拿大生活，这意味着我可以自己一个人无拘无束地去打卡了！我第一旅是把加州中部之前去过的公园全部横扫一遍把章补上。
59,美国其他,2021.11.21,2021.11.30,新奥尔良-纽约,,744,Timeline,2,0,1kQocYuHPHmoJs-CiOdOmClvung4Qq5c,很神奇地将这两个毫不相关的旅游目的地串在了一起。与朋友们摸了小鳄鱼、吃了各种漂亮饭。他们也逃不过跟我一起去盖章。最后我还给自己留了一天自驾去纽约上州再打卡四个景点。
60,西海岸,2021.12.16,2021.12.19,旧金山-温哥华,,2023,Timeline,,1,1Zw-4tlPBlgfsPoM1pX2rUWYt3wsgeRo,K的探望之旅。从湾区出发一路北上的同时，还能打卡多个盖章点，岂不美哉？只是签证被check，一时也回不了美国了。
61,世界,2021.12.29,2022.01.01,加拿大温哥华岛,,857,Timeline,,1,1HzhthpRxLqyARxcmcvco4j2qRp0Klxc,与在加拿大新认识的朋友们前往温哥华岛上跨了年！
62,西海岸,2022.02.24,2022.02.27,温哥华-旧金山,,2447,Timeline,,1,16DtTMS7t0wY7Hh3rekRY-AxtTrxXieg,快两个月，签证终于办下来了。从温哥华回湾区的自驾换条路又能打卡几个盖章点，岂不又美哉？
63,美国其他,2022.05.26,2022.06.01,新墨西哥,,2793,Timeline,2,0,1cwxe7xrfWexPiqN7TBWTZeCMNFznzo4,又是一年Memorial Day，这次和湾区的朋友们体验了墨墨元素浓烈的得州El Paso与新墨西哥。除了各种国家公园，又重新去了几个Breaking Bad取景地。
64,西海岸,2022.06.04,2022.06.27,加拿大维多利亚,,,,1,1,,She said Yes.
65,亚利桑那合集,2022.07.01,2022.07.04,二闯亚利桑那,,2556,Timeline,1,1,1z5foi0VLTaR4wqa6uXT-qlnZqydu4hk,上次新墨西哥去了趟边境墙是不是上瘾了，这次多次去往南部边境，有好几个打卡点。另外走了全美唯一一条以公里记里程的高速路I-19。
66,美国其他,2022.08.28,2022.09.03,佛罗里达-佐治亚-南卡罗莱纳,,1934,Timeline,1,0,1NFJdBiknVEWr85zvo7SJWGHwO_OhcaI,我和[redacted]前往佛罗里达看阿尔忒弥斯一号发射任务，结果两度被鸽。那我就去盖章处打卡吧！
67,西海岸,2022.11.11,2022.11.13,爱达荷,,2669,MyMaps,,1,1_L3GN3QC97ec4ZfPNyPN8GIYC3Tkqho,时隔一年，K终于从加拿大回美国了，但是不回湾区了。那我又有鬼点子了。我租个超大SUV把他的东西从湾区搬过去，然后前半段从西雅图到湾区我再绕个路去了趟Idaho，又能去打卡了，岂不又又美哉？然后体验到了高速油箱空掉抛锚，被内华达高速巡警救助！
68,北美非自驾,2022.11.26,2022.12.02,墨西哥坎昆,,,,1,0,,和加拿大认识的朋友们去坎昆度了个假。我很后悔的是没能提前调整成放假状态，进入度假状态旅程都快结束了……
69,亚利桑那合集,2023.01.14,2023.01.16,三闯亚利桑那,990,,AVIS,1,1,1o5rFox575ftVUbEiD4Ve-ehKSStc6I4,这是一次悲催的旅行。我飞到湾区做了个牙科大手术，刚术后一周，想着总统日放假我不能就这么浪费了，于是又飞去AZ打卡了。结果就是，Flagstaff大风雪导致我行程延误；于是超速体验了人生第三次pull over（我45开到70多竟然又是一个警告！到现在三次pull一个罚单都没有也是幸运到家了）；最后一个景点关门前15分钟到了游客中心结果他们提早20分钟下班了！Navajo部落里面这就给我感觉管理松散啊！最悲催的是我回了家就感染COVID了，导致春节聚会都没去成！导致K也不方便去了，被骂惨！
70,中国游,2023.11.23,2023.11.29,上海-南宁,,,,1,0,,已经四年没回过了，国内疫情管控放开了一年了，终于决定回去一趟。首先落地上海昨两天游客，然后去K家做几天游客再回了家。
71,中国游,2023.12.09,2023.12.20,广西-海南-广东,,,,1,0,,四个家长，走个流程吧…。然后借此机会之后飞到海南，人生第一次成功看了火箭发射。然后在广州吃坏了肚子，夜爬深圳南山都半路窜稀。最后的最后，我赶上港珠澳大桥刚刚开放个人旅游，成功抢到一张票。到现场傻眼了，一车人除我以外全是一个粤语老年团成员几乎包圆了整场……
72,落地丹佛,2024.05.21,2024.05.27,怀俄明-内布拉斯加-南达科他-堪萨斯-科罗拉多,3134,,AVIS,1,0,1Vc-7qlAEUq_9OxdI5Jr-l_uxaK6O5rE,这一年的Memorial Day怎么过呢？我和K和平地决定分开玩。那我又飞到了熟悉的丹佛，先自己在无聊的大平原上各种打卡。后几天湾区的朋友们加入，在落基山里穿梭。
73,北美非自驾,2024.06.08,2024.06.10,阿拉斯加冰川湾,,,,4,0,,别人去阿拉斯加是去看极光、坐狗拉雪橇。我绑架了K去没有网的小木屋。其实本来是说好了有预期这里没网啥也做不了，但临了了她说她发现她on call这谁受得了啊。最后无奈体验不佳。
74,西海岸,2024.09.23,2024.10.01,加拿大落基山,,4229,MyMaps,,1,1k0hBkB4wN_8ABLfJkDzhQ9gldkA8nkA,父母再次来美拜访，我突破了新的单人驾驶记录。在加拿大没有盖章点能打卡，但是我还能去世界遗产的景点打卡啊。但有一说一Alberta东边平原里这几处世界遗产稍微有点拉……
75,西海岸,2025.04.17,2025.04.22,洛杉矶,,,,1,0,,Babymoon，顺便为了花掉办Hyatt卡给的5 free night，在Long Beach躺个五天。当然我是坐不住的，又去盖章了。但对于Channel Island，没能坐船登岛而只盖了个章我自己觉得是说不过去的。只能等以后有机会再说了。
76,落地丹佛,2026.05.09,2026.05.20,科罗拉多-新墨西哥-田纳西-亚拉巴马-密西西比,3968,,AVIS,1,0,17gFmNuJ7SQBmterICFLPDKGuBjPkKao,趁K带小孩回国（以及趁她们回来把我骂死之前）赶紧跑出去！前半部分独自行驶在落基山南边的荒芜之中，人生第一次体验了爆胎与拖车。后半部分和H汇合，完成了南方三州的新体验。